Firmenname,Straße,Hausnummer,Postleitzahl,Stadt,Bundesland,Land,Telefon,Website,Primäre Kategorie,Sekundäre Kategorie,Beschreibung,E-Mail,Öffnungszeiten Mo,Öffnungszeiten Di,Öffnungszeiten Mi,Öffnungszeiten Do,Öffnungszeiten Fr,Öffnungszeiten Sa,Öffnungszeiten So,Service-Gebiet
"ZOE Solar Berlin","Friedrichstraße","123","10117","Berlin","Berlin","DE","+49 30 12345678","https://zoe-solar.de/berlin","Solar Panel Installation","Solar Energy Contractor","Professionelle Solaranlagen Installation in Berlin und Umgebung. Wir bieten Beratung, Planung und Installation von Photovoltaikanlagen für Privatkunden und Gewerbe.","berlin@zoe-solar.de","08:00-18:00","08:00-18:00","08:00-18:00","08:00-18:00","08:00-18:00","09:00-14:00","Geschlossen","Berlin, Brandenburg"
"ZOE Solar Hamburg","Rathausstraße","1","20095","Hamburg","Hamburg","DE","+49 40 12345678","https://zoe-solar.de/hamburg","Solar Panel Installation","Solar Energy Contractor","Solaranlagen Experten für Hamburg und die Metropolregion. Ihre erste Adresse für Solarenergie in Norddeutschland mit über 10 Jahren Erfahrung.","hamburg@zoe-solar.de","08:00-18:00","08:00-18:00","08:00-18:00","08:00-18:00","08:00-18:00","09:00-14:00","Geschlossen","Hamburg, Schleswig-Holstein"
"ZOE Solar München","Marienplatz","1","80331","München","Bayern","DE","+49 89 12345678","https://zoe-solar.de/muenchen","Solar Panel Installation","Solar Energy Contractor","Ihr Solarpartner in München und Oberbayern. Expertise bei der Installation von Photovoltaikanlagen für Privatkunden und Gewerbe. Zertifizierter Fachbetrieb.","muenchen@zoe-solar.de","08:00-18:00","08:00-18:00","08:00-18:00","08:00-18:00","08:00-18:00","09:00-14:00","Geschlossen","München, Oberbayern"
"ZOE Solar Köln","Domkloster","4","50667","Köln","Nordrhein-Westfalen","DE","+49 221 12345678","https://zoe-solar.de/koeln","Solar Panel Installation","Solar Energy Contractor","Solaranlagen für Köln und das Rheinland. Wir sind Ihr lokaler Partner für Photovoltaik und Speichersysteme. Qualität made in Germany.","koeln@zoe-solar.de","08:00-18:00","08:00-18:00","08:00-18:00","08:00-18:00","08:00-18:00","09:00-14:00","Geschlossen","Köln, Rheinland"
"ZOE Solar Frankfurt am Main","Römerberg","1","60311","Frankfurt am Main","Hessen","DE","+49 69 12345678","https://zoe-solar.de/frankfurt","Solar Panel Installation","Solar Energy Contractor","Solarlösungen für Frankfurt und Rhein-Main. Professionelle Beratung und Installation von Solaranlagen. Finanzierungsangebote verfügbar.","frankfurt@zoe-solar.de","08:00-18:00","08:00-18:00","08:00-18:00","08:00-18:00","08:00-18:00","09:00-14:00","Geschlossen","Frankfurt, Rhein-Main"
"ZOE Solar Stuttgart","Königstraße","1","70173","Stuttgart","Baden-Württemberg","DE","+49 711 12345678","https://zoe-solar.de/stuttgart","Solar Panel Installation","Solar Energy Contractor","Solaranlagen in Stuttgart und Baden-Württemberg. Qualitätsarbeit bei der Installation von Photovoltaikanlagen. TÜV-geprüfte Anlagen.","stuttgart@zoe-solar.de","08:00-18:00","08:00-18:00","08:00-18:00","08:00-18:00","08:00-18:00","09:00-14:00","Geschlossen","Stuttgart, Baden-Württemberg"
"ZOE Solar Düsseldorf","Königsallee","1","40212","Düsseldorf","Nordrhein-Westfalen","DE","+49 211 12345678","https://zoe-solar.de/duesseldorf","Solar Panel Installation","Solar Energy Contractor","Solarpartner für Düsseldorf und NRW. Wir realisieren Ihre Solaranlage von der Planung bis zur Installation. All-inclusive Service.","duesseldorf@zoe-solar.de","08:00-18:00","08:00-18:00","08:00-18:00","08:00-18:00","08:00-18:00","09:00-14:00","Geschlossen","Düsseldorf, NRW"
"ZOE Solar Dortmund","Westenhellweg","1","44137","Dortmund","Nordrhein-Westfalen","DE","+49 231 12345678","https://zoe-solar.de/dortmund","Solar Panel Installation","Solar Energy Contractor","Solaranlagen Experten für Dortmund und das Ruhrgebiet. Ihre lokale Adresse für Solarenergie im Herzen des Ruhrgebiets. Schnelle Installation.","dortmund@zoe-solar.de","08:00-18:00","08:00-18:00","08:00-18:00","08:00-18:00","08:00-18:00","09:00-14:00","Geschlossen","Dortmund, Ruhrgebiet"
"ZOE Solar Essen","Kettwiger Straße","1","45127","Essen","Nordrhein-Westfalen","DE","+49 201 12345678","https://zoe-solar.de/essen","Solar Panel Installation","Solar Energy Contractor","Solarlösungen für Essen und das Ruhrgebiet. Professionelle Photovoltaikanlagen für Zuhause und Gewerbe. Kostenlose Solarberatung.","essen@zoe-solar.de","08:00-18:00","08:00-18:00","08:00-18:00","08:00-18:00","08:00-18:00","09:00-14:00","Geschlossen","Essen, Ruhrgebiet"
"ZOE Solar Leipzig","Markt","1","04109","Leipzig","Sachsen","DE","+49 341 12345678","https://zoe-solar.de/leipzig","Solar Panel Installation","Solar Energy Contractor","Solaranlagen für Leipzig und Sachsen. Wir bringen saubere Energie auf Ihr Dach in der Messestadt. Modernste Technologie.","leipzig@zoe-solar.de","08:00-18:00","08:00-18:00","08:00-18:00","08:00-18:00","08:00-18:00","09:00-14:00","Geschlossen","Leipzig, Sachsen"
"ZOE Solar Bremen","Am Markt","1","28195","Bremen","Bremen","DE","+49 421 12345678","https://zoe-solar.de/bremen","Solar Panel Installation","Solar Energy Contractor","Solarpartner für Bremen und Norddeutschland. Fachkenntnis bei der Installation von Photovoltaikanlagen. 10 Jahre Garantie.","bremen@zoe-solar.de","08:00-18:00","08:00-18:00","08:00-18:00","08:00-18:00","08:00-18:00","09:00-14:00","Geschlossen","Bremen, Niedersachsen"
"ZOE Solar Dresden","Neumarkt","1","01067","Dresden","Sachsen","DE","+49 351 12345678","https://zoe-solar.de/dresden","Solar Panel Installation","Solar Energy Contractor","Solaranlagen für Dresden und Sachsen. Qualität und Zuverlässigkeit bei Solaranlageninstallation. Zertifizierte Monteure.","dresden@zoe-solar.de","08:00-18:00","08:00-18:00","08:00-18:00","08:00-18:00","08:00-18:00","09:00-14:00","Geschlossen","Dresden, Sachsen"
"ZOE Solar Hannover","Ernst-August-Platz","1","30159","Hannover","Niedersachsen","DE","+49 511 12345678","https://zoe-solar.de/hannover","Solar Panel Installation","Solar Energy Contractor","Solarlösungen für Hannover und Niedersachsen. Ihr Partner für Photovoltaik in der Hauptstadt Niedersachsens. Persönliche Beratung.","hannover@zoe-solar.de","08:00-18:00","08:00-18:00","08:00-18:00","08:00-18:00","08:00-18:00","09:00-14:00","Geschlossen","Hannover, Niedersachsen"
"ZOE Solar Nürnberg","Hauptmarkt","1","90403","Nürnberg","Bayern","DE","+49 911 12345678","https://zoe-solar.de/nuernberg","Solar Panel Installation","Solar Energy Contractor","Solaranlagen Experten für Nürnberg und Franken. Wir machen Solar einfach und zugänglich. Transparente Preise.","nuernberg@zoe-solar.de","08:00-18:00","08:00-18:00","08:00-18:00","08:00-18:00","08:00-18:00","09:00-14:00","Geschlossen","Nürnberg, Franken"
"ZOE Solar Wien","Stephansplatz","1","1010","Wien","Wien","AT","+43 1 12345678","https://zoe-solar.de/wien","Solar Panel Installation","Solar Energy Contractor","Solarpartner für Wien und Österreich. Österreichs führende Solarfirma mit Standort in der Bundeshauptstadt. KGV-optimiert.","wien@zoe-solar.de","08:00-18:00","08:00-18:00","08:00-18:00","08:00-18:00","08:00-18:00","09:00-14:00","Geschlossen","Wien, Niederösterreich"
"ZOE Solar Graz","Hauptplatz","1","8010","Graz","Steiermark","AT","+43 316 12345678","https://zoe-solar.de/graz","Solar Panel Installation","Solar Energy Contractor","Solaranlagen für Graz und die Steiermark. Ihre lokale Solarfirma im Herzen der Steiermark. Regionale Expertise.","graz@zoe-solar.de","08:00-18:00","08:00-18:00","08:00-18:00","08:00-18:00","08:00-18:00","09:00-14:00","Geschlossen","Graz, Steiermark"
"ZOE Solar Linz","Hauptplatz","1","4020","Linz","Oberösterreich","AT","+43 732 12345678","https://zoe-solar.de/linz","Solar Panel Installation","Solar Energy Contractor","Solarpartner für Linz und Oberösterreich. Photovoltaikanlagen für das obösterreichische Zentrum. Premium-Qualität.","linz@zoe-solar.de","08:00-18:00","08:00-18:00","08:00-18:00","08:00-18:00","08:00-18:00","09:00-14:00","Geschlossen","Linz, Oberösterreich"
"ZOE Solar Salzburg","Residenzplatz","1","5020","Salzburg","Salzburg","AT","+43 662 12345678","https://zoe-solar.de/salzburg","Solar Panel Installation","Solar Energy Contractor","Solaranlagen für Salzburg und Salzburg Land. Solarenergie im Herzen Österreichs. Alpenqualität für Solaranlagen.","salzburg@zoe-solar.de","08:00-18:00","08:00-18:00","08:00-18:00","08:00-18:00","08:00-18:00","09:00-14:00","Geschlossen","Salzburg, Salzburg Land"
"ZOE Solar Innsbruck","Maria-Theresien-Straße","1","6020","Innsbruck","Tirol","AT","+43 512 12345678","https://zoe-solar.de/innsbruck","Solar Panel Installation","Solar Energy Contractor","Solarlösungen für Innsbruck und Tirol. Alpenländische Qualität bei Solaranlageninstallation. Bergregionenspezialist.","innsbruck@zoe-solar.de","08:00-18:00","08:00-18:00","08:00-18:00","08:00-18:00","08:00-18:00","09:00-14:00","Geschlossen","Innsbruck, Tirol"
"ZOE Solar Zürich","Bahnhofstrasse","1","8001","Zürich","Zürich","CH","+41 44 12345678","https://zoe-solar.de/zuerich","Solar Panel Installation","Solar Energy Contractor","Solarpartner für Zürich und die Schweiz. Schweizer Präzision bei Solaranlageninstallation. Swiss Quality Certification.","zuerich@zoe-solar.de","08:00-18:00","08:00-18:00","08:00-18:00","08:00-18:00","08:00-18:00","09:00-14:00","Geschlossen","Zürich, Schweiz"
"ZOE Solar Basel","Marktplatz","1","4001","Basel","Basel-Stadt","CH","+41 61 12345678","https://zoe-solar.de/basel","Solar Panel Installation","Solar Energy Contractor","Solaranlagen für Basel und Nordwestschweiz. Ihr lokaler Solarpartner am Dreiländereck. Dreiländer-Expertise.","basel@zoe-solar.de","08:00-18:00","08:00-18:00","08:00-18:00","08:00-18:00","08:00-18:00","09:00-14:00","Geschlossen","Basel, Nordwestschweiz"
"ZOE Solar Bern","Bundesplatz","1","3003","Bern","Bern","CH","+41 31 12345678","https://zoe-solar.de/bern","Solar Panel Installation","Solar Energy Contractor","Solarlösungen für Bern und die Schweiz. Hauptstadt der Schweiz - Hauptstadt der Solarenergie. Bundesstadt-Qualität.","bern@zoe-solar.de","08:00-18:00","08:00-18:00","08:00-18:00","08:00-18:00","08:00-18:00","09:00-14:00","Geschlossen","Bern, Schweiz"